date,summary,city,city_name,state_name,location,latitude,longitude,incident_type,sources,civilians_killed,civilians_wounded,category,off_duty,category_raw,incident_type_std,outcome
2025-04-24,"Immigration agents raided an Oklahoma City home rented by a family of U.S. citizens and pointed guns in their faces, âtraumatizingâ them âfor life,â they said. The agents were looking for the homeâs previous tenants.","Oklahoma City, Oklahoma",Oklahoma City,Oklahoma,"35.468813571594474, -97.5025374219754",35.468813571594474,-97.5025374219754,Brandishing by immigration agent,https://kfor.com/news/local/were-citizens-oklahoma-city-family-traumatized-after-ice-raids-home-but-they-werent-suspects/ https://www.oklahoman.com/story/news/local/2025/04/30/oklahoma-ice-raid-homeland-security-responds/83365090007/,0,0,brandishing,NA,brandishing,brandishing,noinjury
2025-06-06,"An ICE agent pulled a gun on a woman as her father was being detained in Memphis, Tennessee, video shows.","Memphis, Tennessee",Memphis,Tennessee,"35.16238676281156, -89.91607871152765",35.16238676281156,-89.91607871152765,Brandishing by immigration agent,https://www.localmemphis.com/video/news/local/ice-agent-caught-on-video-pulling-gun-on-family-in-berclair/522-a6fe2f6b-51e7-4509-a2e5-7a7a391db2c7,0,0,brandishing,NA,brandishing,brandishing,noinjury
2025-06-11,"An immigration agent pointed a gun at the pastor of Downey Memorial Christian Church in Downey, California. Reverend Tanya Lopez had approached agents in the parking lot and told them she was uncomfortable with them being on the property, leading one of them to point a gun at her.","Downey, California",Downey,California,"33.95068464683906, -118.12245708459552",33.95068464683906,-118.12245708459552,Brandishing by immigration agent,https://laist.com/news/politics/downey-church-community-on-edge-after-masked-armed-police-detain-man-on-church-property,0,0,brandishing,NA,brandishing,brandishing,noinjury
2025-06-14,"Protester Vincent Hawkins, 55, an emergency room nurse, was hit in the eye with a rubber bullet fired by ICE agents at a detention facility in Portland, Oregon.","Portland, Oregon",Portland,Oregon,"45.49276021090805, -122.67249376869982",45.49276021090805,-122.67249376869982,Less-lethal munitions,https://www.propublica.org/article/ice-border-patrol-less-lethal-weapons,0,0,lesslethal,NA,lesslethal,lesslethal,noinjury
2025-06-19,"A plainclothes immigration agent jumped out of his vehicle at a stoplight and drew his gun on someone attempting to photograph his license plate in Pasadena, California, video shows.","Pasadena, California",Pasadena,California,"34.15802069514749, -118.14158471546719",34.15802069514749,-118.14158471546719,Brandishing by immigration agent,https://ktla.com/news/local-news/plainclothes-federal-agent-draws-gun-on-man-at-stoplight-in-pasadena/  https://www.pasadenastarnews.com/2025/06/19/pasadena-police-investigating-ice-raid-seeking-identity-affiliation-of-man-who-pointed-gun-at-bystanders/,0,0,brandishing,NA,brandishing,brandishing,noinjury
2025-07-07,Immigration agents marched through MacArthur Park in Los Angeles in what Homeland Security officials said was an enforcement operation. Some of the agents pointed weapons at journalists and other observers.,"Los Angeles, California",Los Angeles,California,"34.05945565633544, -118.27711816442809",34.05945565633544,-118.27711816442809,Brandishing by immigration agent,https://www.nytimes.com/2025/07/07/us/la-macarthur-park-immigration.html https://drive.google.com/file/d/1yXwkdw7TtgmxFo_6NhwS--exsypJ2j0F/view?usp=drive_link,0,0,brandishing,NA,brandishing,brandishing,noinjury
2025-07-10,"A news photographer was hit twice by less-lethal rounds while covering a clash between protesters and federal agents during an immigration raid at a cannabis farm near Camarillo, California. Protesters were shot with pepper balls.","Ventura County, California",Ventura County,California,"34.180071017548215, -119.08304099126285",34.180071017548215,-119.08304099126285,Less-lethal munitions,https://abc7.com/post/federal-agents-conduct-immigration-raid-camarillo-farm/17056098/  https://youtu.be/Y3uQ36s9sB0?si=7Z-h0Dk8GrSo62mW,0,0,lesslethal,NA,lesslethal,lesslethal,noinjury
2025-07-30,"ICE agents detained a man at his home in North Charleston, South Carolina. When the manâs partner came outside and asked why the agents were there, one of them shoved her and pointed a gun at her, camera footage shows.","North Charleston, South Carolina",North Charleston,South Carolina,"32.87579973051385, -80.0125507818173",32.87579973051385,-80.0125507818173,Brandishing by immigration agent,https://abcnews4.com/news/local/traumatizing-security-camera-captures-ice-detainment-at-north-charleston-home-immigration-policy-wciv-abc-news-4-7-31-2025,0,0,brandishing,NA,brandishing,brandishing,noinjury
2025-07-31,"An ICE agent fired three shots into a car that officers say tried to run them over during a operation in Black Forest, Colorado. No injuries were reported.","Black Forest, Colorado",Black Forest,Colorado,"38.998850388844026, -104.64228005773855",38.998850388844026,-104.64228005773855,Shooting by immigration agent,https://www.cpr.org/2025/07/31/black-forest-ice-operation-shooting/,0,0,shooting,NA,shooting,shooting,noinjury
2025-08-11,"Andreina Mejiaâs son, a 15-year-old boy with speech and hearing disabilities, was arrested at gunpoint in Los Angeles after agents mistook him for a suspected MS-13 pledge.","Los Angeles, California",Los Angeles,California,"34.2499576, -118.4417",34.2499576,-118.4417,Brandishing by immigration agent,https://www.hsgac.senate.gov/wp-content/uploads/2025.12.8_ICE-Report-revised-FINAL.pdf https://abc7.com/post/family-file-lawsuit-says-15-year-old-boy-special-needs-was-wrongfully-detained-feds-outside-arleta-high-school/17656546/,0,0,brandishing,NA,brandishing,brandishing,noinjury
2025-08-16,"CBP agents opened fire on a car after it drove away during a traffic stop in San Bernardino, California. No one was injured.","San Bernardino, California",San Bernardino,California,"34.12163891325176, -117.36181762076643",34.12163891325176,-117.36181762076643,Shooting by immigration agent,https://abc7.com/post/federal-agents-fire-shots-man-during-operation-san-bernardino-police-say/17562097/,0,0,shooting,NA,shooting,shooting,noinjury
2025-09-12,"Silverio Villegas-GonzÃ¡lez, 38, a Mexican national, was shot and killed by an ICE officer after dragging the officer with his car in the Chicago suburb of Franklin Park. The agency said he had resisted arrest during a traffic stop. The officer later said his injuries were ânothing major.â","Franklin Park, Illinois",Franklin Park,Illinois,"41.92986891948918, -87.86520408454284",41.92986891948918,-87.86520408454284,Shooting by immigration agent,https://www.gunviolencearchive.org/incident/3306110  https://www.nytimes.com/2025/09/12/us/ice-shooting-chicago.html  https://chicago.suntimes.com/the-watchdogs/2025/09/22/ice-officer-injuries-nothing-major-deadly-franklin-park-shooting-mexican-immigrant-chicago-video,1,0,fatal,NA,fatal,shooting,fatal
2025-09-16,"Federal agents detained a landscaper and his two sons â both U.S. citizens â at a gas station in Des Plaines, Illinois. One agent drew a gun and another tased one of the sons in the face.","Broadview, Illinois",Broadview,Illinois,"42.04342781776374, -87.8600632288609",42.04342781776374,-87.8600632288609,Less-lethal munitions,https://www.cbsnews.com/chicago/news/u-s-citizen-tased-detained-during-ice-operation-des-plaines/,0,0,lesslethal,NA,lesslethal,lesslethal,noinjury
2025-09-19,"Protesters outside an ICE facility in Broadview, Illinois, were shot with pepper balls. Presbyterian pastor the Rev. David Black was shot in the face with a pepper ball while praying.","Broadview, Illinois",Broadview,Illinois,"41.86820145600524, -87.86529752674512",41.86820145600524,-87.86529752674512,Less-lethal munitions,https://www.reuters.com/world/us/anti-ice-protest-illinois-democrats-tear-gassed-pepper-sprayed-by-federal-agents-2025-09-19/  https://people.com/pastor-claims-he-was-praying-when-ice-agents-shot-him-pepper-ball-11828065,0,0,lesslethal,NA,lesslethal,lesslethal,noinjury
2025-09-23,"Agents at the ICE processing center in Broadview, Illinois, shot pepper balls at protesters.","Broadview, Illinois",Broadview,Illinois,"41.86820145600524, -87.86529752674512",41.86820145600524,-87.86529752674512,Less-lethal munitions,https://www.wbez.org/immigration/2025/11/14/ice-bovino-border-patrol-homeland-security-chicago-police-department,0,0,lesslethal,NA,lesslethal,lesslethal,noinjury
2025-09-24,"ICE agents smashed the window of a car carrying a couple and their 1-month-old baby and held them at gunpoint in Alamosa, Colorado, video footage shows. They were on their way home from the courthouse. A CBP agent shattered the driverâs side window and detained the driver. The driver was later deported to Mexico.","Alamosa, Colorado",Alamosa,Colorado,"37.46715928460964, -105.87166592876524",37.46715928460964,-105.87166592876524,Brandishing by immigration agent,"https://coloradosun.com/2025/10/01/ice-alamosa-arrest-gunpoint-infant/ https://youtu.be/kewkkrSpG84?si=gnX7Fos6BvZBiHZv https://www.montevistajournal.com/stories/what-happens-once-ice-takes-someone-away,112786",0,0,brandishing,NA,brandishing,brandishing,noinjury
2025-09-24,"A pair of ICE agents pointed their handguns at bystanders who were filming the agents as they struggled to handcuff a man on the ground in Hyattsville, Maryland.","Hyattsville, Maryland",Hyattsville,Maryland,"38.95596817454257, -76.96204991343478",38.95596817454257,-76.96204991343478,Brandishing by immigration agent,https://www.nbcwashington.com/news/local/prince-georges-county/video-officer-gun-ice-arrest/3993797/,0,0,brandishing,NA,brandishing,brandishing,noinjury
2025-09-24,"An ICE agent dropped his handgun while trying to make an arrest in Prince George's County, Maryland. The agent then appeared to point the gun at bystanders.","Hyattsville, Maryland",Hyattsville,Maryland,"38.955759044362054, -76.94582788679533",38.955759044362054,-76.94582788679533,Brandishing by immigration agent,https://www.cbsnews.com/baltimore/news/prince-georges-county-ice-arrest-caught-on-camera-hyattsville/,0,0,brandishing,NA,brandishing,brandishing,noinjury
2025-09-26,"Agents fired pepper balls and rubber bullets at protesters and journalists outside the ICE processing facility in Broadview, Illinois. A sniper on the roof fired baton rounds toward the crowd, shattering the windows of a nearby business.","Broadview, Illinois",Broadview,Illinois,"41.86820145600524, -87.86529752674512",41.86820145600524,-87.86529752674512,Less-lethal munitions,https://blockclubchicago.org/2025/09/26/feds-tear-gas-shoot-rubber-bullets-at-protesters-outside-broadview-ice-facility/ https://blockclubchicago.org/2025/09/26/feds-tear-gas-shoot-rubber-bullets-at-protesters-outside-broadview-ice-facility/,0,0,lesslethal,NA,lesslethal,lesslethal,noinjury
2025-09-27,"Agents at the ICE processing center in Broadview, Illinois, fired pepper balls at protesters.","Broadview, Illinois",Broadview,Illinois,"41.86820145600524, -87.86529752674512",41.86820145600524,-87.86529752674512,Less-lethal munitions,https://www.wbez.org/immigration/2025/11/14/ice-bovino-border-patrol-homeland-security-chicago-police-department,0,0,lesslethal,NA,lesslethal,lesslethal,noinjury
2025-09-28,"An agent at the ICE processing center in Broadview, Illinois, shot a pepper ball at a news van belonging to the local CBS affiliate. The passengers, including CBS reporter Asal Rezaei, were overcome by chemical irritants. âAbsolutely unprovoked,â she posted on social media. âBeen puking for two hours.â","Broadview, Illinois",Broadview,Illinois,"41.86820145600524, -87.86529752674512",41.86820145600524,-87.86529752674512,Less-lethal munitions,https://www.chicagotribune.com/2025/09/29/police-investigate-after-cbs-chicago-reporters-truck-shot-out-with-a-pepper-ball-outside-ice-facility-in-broadview/,0,0,lesslethal,NA,lesslethal,lesslethal,noinjury
2025-09-30,"Some 300 immigration agents stormed an apartment complex in Chicago, ordering residents out at gunpoint and deploying flash-bang grenades.","Chicago, Illinois",Chicago,Illinois,"41.76056526059574, -87.55727265772666",41.76056526059574,-87.55727265772666,Brandishing by immigration agent,https://www.propublica.org/article/chicago-venezuela-immigration-ice-fbi-raids-no-criminal-charges  https://x.com/DHSgov/status/1973796727615598738,0,0,brandishing,NA,brandishing,brandishing,noinjury
2025-10-01,"A woman observing immigration arrests at a Home Depot in Cicero, Illinois, said a CBP agent aimed a gun at her, according to a class-action lawsuit.","Cicero, Illinois",Cicero,Illinois,"41.84156386192282, -87.74114014227527",41.84156386192282,-87.74114014227527,Brandishing by immigration agent,https://news.wttw.com/sites/default/files/article/file-attachments/EllisOrderNov20.pdf,0,0,brandishing,NA,brandishing,brandishing,noinjury
2025-10-03,Border Patrol agents shot pepper balls at onlookers and protesters outside Funston Elementary School on Chicago's Northwest Side.,"Chicago, Illinois",Chicago,Illinois,"41.917758151873215, -87.7172805133822",41.917758151873215,-87.7172805133822,Less-lethal munitions,https://www.wbez.org/immigration/2025/11/14/ice-bovino-border-patrol-homeland-security-chicago-police-department?utm_source=The+Trace+mailing+list&utm_campaign=dc4dd97116-trace_bulletin_nov_19_2025&utm_medium=email&utm_term=0_-dc4dd97116-112386993,0,0,lesslethal,NA,lesslethal,lesslethal,noinjury
2025-10-04,"A Chicago woman who had been warning residents about ICE was shot five times and wounded by a CBP agent after federal agents rammed her car, video shows. Marimar Martinez had a handgun in her purse and a valid concealed carry license. She was charged with assaulting, impeding, and interfering with federal law enforcement, but prosecutors dropped the charges.","Chicago, Illinois",Chicago,Illinois,"41.82188568457496, -87.7045301577392",41.82188568457496,-87.7045301577392,Shooting by immigration agent,https://www.fox32chicago.com/news/ice-agent-shot-woman-chicago-drove-work-suv-maine-judge-demands-return  https://www.reuters.com/world/us/border-patrol-agent-who-shot-chicago-woman-boasted-about-it-text-messages-2025-11-06/  https://blockclubchicago.org/2025/11/20/feds-drop-charges-against-woman-shot-by-border-patrol-in-brighton-park/ https://www.gunviolencearchive.org/incident/3322828,0,1,injured,NA,injured,shooting,injured
2025-10-07,"During an immigration raid at Concordia Cemetery in Forest Park, Illinois, federal agents fired pepper balls at workers and detained them for several hours. The Department of Homeland Security said the workers were trying to impede the arrest of undocumented immigrants.","Forest Park, Illinois",Forest Park,Illinois,"41.87851928433231, -87.82375337323423",41.87851928433231,-87.82375337323423,Less-lethal munitions,https://www.cbsnews.com/chicago/news/forest-park-ice-agents-excessive-force-concordia-cemetery/,0,0,lesslethal,NA,lesslethal,lesslethal,noinjury
2025-10-10,"Dayanne Figueroa, an American citizen living in Chicago, was pulled from her car and held at gunpoint. The incident was captured on video. Figueroa, who had recently underwent kidney surgery, said she suffered severe bruising and nerve damage following her detention and arrest.","Chicago, Illinois",Chicago,Illinois,"41.89024, -87.66792",41.89024,-87.66792,Brandishing by immigration agent,https://www.hsgac.senate.gov/wp-content/uploads/2025.12.8_ICE-Report-revised-FINAL.pdf https://www.padilla.senate.gov/newsroom/press-releases/watch-padilla-condemns-trump-dhs-unconstitutional-arrests-of-u-s-citizens/ https://abc7chicago.com/post/chicago-woman-dayanne-figueroa-testifies-washington-dc-being-dragged-car-federal-agents-viral-video/18269717/,0,0,brandishing,NA,brandishing,brandishing,noinjury
2025-10-14,Photojournalist Matthew Kaplan documented an immigration agent pointing a gun at a man who was filming a raid and the protest that followed in Chicago.,"Chicago, Illinois",Chicago,Illinois,"41.704731484770775, -87.53889817113941",41.704731484770775,-87.53889817113941,Brandishing by immigration agent,https://news.wttw.com/sites/default/files/article/file-attachments/EllisOrderNov20.pdf,0,0,brandishing,NA,brandishing,brandishing,noinjury
2025-10-15,"Two men in Gresham, Oregon, were detained by immigration authorities who raided their home with rifles drawn, video shows. They didnât have a warrant. A 3-month-old baby was inside at the time. It was a case of mistaken identity and the men were eventually released.","Gresham, Oregon",Gresham,Oregon,"45.50449930055308, -122.43075784579369",45.50449930055308,-122.43075784579369,Brandishing by immigration agent,https://www.oregonlive.com/politics/2025/11/ice-agents-detained-the-wrong-people-in-oregon-then-stranded-one-in-mississippi.html  https://www.oregonlive.com/politics/2025/10/ice-in-oregon-pointing-rifles-at-family-stopping-minors-at-gunpoint-laying-on-top-of-man-during-arrest.html,0,0,brandishing,NA,brandishing,brandishing,noinjury
2025-10-17,"A Homeland Security Investigations agent fired shots at an unarmed man during a traffic stop in Washington, D.C. He wasn't injured in the shooting. The man was jailed for three days before a judge dismissed the case.","Washington, D.C.",Washington,D.C.,"38.89234972081453, -76.93963811552932",38.89234972081453,-76.93963811552932,Shooting by immigration agent,https://apnews.com/article/trump-federal-agent-shooting-homeland-security-0dd22d952d03ce06e3301c06ce0e3c5c,0,0,shooting,NA,shooting,shooting,noinjury
2025-10-19,"During a raid on an allegedly illegal gambling operation in Wilder, Idaho, that resulted in the arrest of more than 100 people, officers used flash-bang devices, pointed guns at people, and deployed a pepper bomb.","Wilder, Idaho",Wilder,Idaho,"43.67642763954125, -116.91129819007128",43.67642763954125,-116.91129819007128,Brandishing by immigration agent,https://apnews.com/article/immigration-idaho-horse-track-raid-b18ffa398394fe73fda07ad4f661d9b4 https://idahocapitalsun.com/briefs/ice-arrests-105-people-in-southwest-idaho-raid-u-s-department-of-homeland-security-says/,0,0,brandishing,NA,brandishing,brandishing,noinjury
2025-10-20,"A pregnant driver in Berwyn, Illinois, was honking her horn to alert people to the presence of ICE agents when one of them began walking toward her with his gun raised, video footage shows. The agent told her she was impeding their pursuit of two suspects. âI started going off on him,â she said. ââYouâre really gonna shoot a pregnant woman?ââ","Berwyn, Illinois",Berwyn,Illinois,"41.851169270651496, -87.79348090450333",41.851169270651496,-87.79348090450333,Brandishing by immigration agent,https://www.newsweek.com/ice-agent-pregnant-woman-firearm-illinois-10922067,0,0,brandishing,NA,brandishing,brandishing,noinjury
2025-10-21,"Immigration agents pointed a gun at Illinois State Representative Hoan Huynh after boxing in his car in Chicagoâs Albany Park neighborhood, according to a statement from his office. Huynh and his staffers had been driving through the neighborhood trying to warn people about the agentsâ presence.","Chicago, Illinois",Chicago,Illinois,"41.96129426996186, -87.7131559577246",41.96129426996186,-87.7131559577246,Brandishing by immigration agent,https://chicago.suntimes.com/immigration/2025/10/21/ice-agents-point-gun-at-state-rep-hoan-huynh-in-albany-park,0,0,brandishing,NA,brandishing,brandishing,noinjury
2025-10-21,"A deputy U.S. marshal fired shots at a well-known TikToker during an immigration raid in South Los Angeles. Carlitos Ricardo Parias, a.k.a. ""Richard LA,"" who regularly follows ICE, was injured, as was a federal marshal struck by a ricochet bullet. The Department of Homeland Security said Parias tried to evade arrest by ramming law enforcement vehicles. ICE bodycam video showed agents boxing in his car.","Los Angeles, California",Los Angeles,California,"34.029005330888786, -118.26218324224848",34.029005330888786,-118.26218324224848,Shooting by immigration agent,https://www.gunviolencearchive.org/incident/3337123  https://www.nbcnews.com/news/us-news/man-shot-ice-confrontation-was-respected-admired-citizen-journalist-ti-rcna239202  https://abcnews.go.com/US/undocumented-immigrant-officer-hurt-shooting-targeted-enforcement/story?id=126728103,0,1,injured,NA,injured,shooting,injured
2025-10-23,"A federal agent pointed a gun at a combat veteran and said âbang, bangâ and âyouâre dead, liberalâ during an immigration raid in Chicago's Little Village neighborhood.","Chicago, Illinois",Chicago,Illinois,"41.84440725870828, -87.70327412683018",41.84440725870828,-87.70327412683018,Brandishing by immigration agent,https://blockclubchicago.org/2025/10/28/federal-agent-told-combat-veteran-youre-dead-liberal-during-ice-encounter-lawsuit-alleges/,0,0,brandishing,NA,brandishing,brandishing,noinjury
2025-10-23,"The Rev. Jorge Bautista of the United Church of Christ was shot with pepper balls during a prayer vigil at the entrance to a planned ICE facility in Alameda, California.","Alameda, California",Alameda,California,"37.779502676142066, -122.24257894227301",37.779502676142066,-122.24257894227301,Less-lethal munitions,https://www.gunviolencearchive.org/incident/3339545 https://www.ucc.org/ucc-pastor-shot-by-federal-agents-with-pepper-round-speaks-about-standing-on-the-side-of-love/,0,0,lesslethal,NA,lesslethal,lesslethal,noinjury
2025-10-29,"ICE agents fired pepper balls at a woman driving in Aurora, Illinois. Sheâd pulled into a parking lot behind one of the agents. Her kids, ages 1 and 3, were also in the car.","Aurora, Illinois",Aurora,Illinois,"41.75484966573787, -88.30159694220907",41.75484966573787,-88.30159694220907,Less-lethal munitions,https://www.chicagotribune.com/2025/10/30/pepper-spray-immigration-aurora/  https://www.facebook.com/reel/1522950405494944,0,0,lesslethal,NA,lesslethal,lesslethal,noinjury
2025-10-29,"An ICE officer shot an undocumented driver in Tempe, Arizona, as he sped away from a traffic stop. Jose Garcia-Sorto was wounded and remains in ICE custody.","Phoenix, Arizona",Phoenix,Arizona,"33.78556741453944, -112.13268105892094",33.78556741453944,-112.13268105892094,Shooting by immigration agent,https://www.gunviolencearchive.org/incident/3343428  https://www.azfamily.com/2025/10/29/incident-involving-ice-agents-causes-traffic-backup-i-17-phoenix/,0,1,injured,NA,injured,shooting,injured
2025-10-30,CBP agents conducting a raid on a parking lot for ride-share drivers at Chicago's Oï¿½ï¿½Hare International Airport tased a man they accused of ramming their vehicle.,"Chicago, Illinois",Chicago,Illinois,"41.99787310766781, -87.88740629999963",41.99787310766781,-87.88740629999963,Less-lethal munitions,https://www.chicagotribune.com/2025/10/31/border-patrol-crash-ohare/,0,0,lesslethal,NA,lesslethal,lesslethal,noinjury
2025-10-30,"Carlos Jimenez, a U.S. citizen, was shot and wounded by ICE after warning a group of federal agents about children gathering at a nearby school bus stop in Ontario, California. He was headed to his job at a food bank when he noticed the officers blocking traffic, his lawyers said.","Ontario, California",Ontario,California,"34.02342925127174, -117.61095690000428",34.02342925127174,-117.61095690000428,Shooting by immigration agent,https://www.gunviolencearchive.org/incident/3344520  https://www.nytimes.com/2025/11/03/us/ontario-ice-agent-shooting.html,0,1,injured,NA,injured,shooting,injured
2025-10-31,"A man's car collided with a vehicle carrying federal agents outside a rehabilitation center in Evanston, Illinois. One of the agents pointed a handgun at protesters. Agents fired pepper balls at the crowd.","Evanston, Illinois",Evanston,Illinois,"42.02689249458189, -87.6900758999993",42.02689249458189,-87.6900758999993,Brandishing by immigration agent,https://www.wbez.org/immigration/2025/11/14/ice-bovino-border-patrol-homeland-security-chicago-police-department,0,0,brandishing,NA,brandishing,brandishing,noinjury
2025-10-31,"An immigration agent repeatedly pointed a weapon at onlookers and threatened to shoot them while attempting to restrain a woman in Evanston, Illinois. A video taken by a bystander shows the agent at least twice pulling a weapon out of his holster while witnesses tell him to âput the gun away.â","Evanston, Illinois",Evanston,Illinois,"42.02692608861104, -87.69003658452812",42.02692608861104,-87.69003658452812,Brandishing by immigration agent,https://www.chicagotribune.com/2025/10/31/chicag-halloween-immigration-raids-evanston/,0,0,brandishing,NA,brandishing,brandishing,noinjury
2025-11-05,"Immigration agents pointed rifles at bystanders as they raided an apartment complex in unincorporated Northbrook, Illinois. âICE basically held 90 apartments hostage while theyâre trying to get to one man,â a resident said.","Northbrook, Illinois",Northbrook,Illinois,"42.09009499256627, -87.87041170326641",42.09009499256627,-87.87041170326641,Brandishing by immigration agent,https://www.chicagotribune.com/2025/11/11/ice-agents-northbrook-point-rifles-bystanders/,0,0,brandishing,NA,brandishing,brandishing,noinjury
2025-11-09,"An ICE agent brandished his weapon toward a woman following and observing immigration officers in Santa Ana, California, video shows.","Santa Ana, California",Santa Ana,California,"33.748205904173616, -117.88099278453412",33.748205904173616,-117.88099278453412,Brandishing by immigration agent,https://www.theguardian.com/us-news/2025/nov/11/california-police-intervene-ice-agent https://www.instagram.com/reel/DQ2bJUEEhLJ/,0,0,brandishing,NA,brandishing,brandishing,noinjury
2025-11-09,"A plainclothes ICE officer held a woman at gunpoint in Fullerton, California, prompting local police to intervene.","Fullerton, California",Fullerton,California,"33.74813899733541, -117.88103570000449",33.74813899733541,-117.88103570000449,Brandishing by immigration agent,https://www.theguardian.com/us-news/2025/nov/11/california-police-intervene-ice-agent,0,0,brandishing,NA,brandishing,brandishing,noinjury
2025-11-10,"An off-duty ICE agent pointed a gun at a 17-year-old as the teen drove in Riverside, California. The agent demanded the teen pull over, pulled him out of the car at gunpoint, and began interrogating him. The agent was arrested for illegally detaining a minor.","Riverside, California",Riverside,California,"33.5409286330446, -117.09961446911603",33.5409286330446,-117.09961446911603,Brandishing by immigration agent,https://ktla.com/news/local-news/ice-agent-arrested-for-pulling-gun-on-southern-california-teen-lawyer-says/,0,0,brandishing,TRUE,brandishing,brandishing,noinjury
2025-11-13,"Immigration agents forced their way into a basement apartment in Queens, New York, and held a mother and her four children at gunpoint.","Queens, New York",Queens,New York,"40.76598861018745, -73.87471916983155",40.76598861018745,-73.87471916983155,Brandishing by immigration agent,https://www.newsweek.com/ice-agents-point-guns-family-raid-hands-up-stupid-11085960,0,0,brandishing,NA,brandishing,brandishing,noinjury
2025-11-13,"A Homeland Security Investigations agent shot at a car during a police chase in Washington, D.C. Local police and federal officers were patrolling together when the car ran a red light. No one was injured.","Washington, D.C.",Washington,D.C.,"38.88985461886455, -76.93753721545522",38.88985461886455,-76.93753721545522,Shooting by immigration agent,https://www.washingtonpost.com/dc-md-va/2025/11/13/hsi-shooting-car-chase-dc/,0,0,shooting,NA,shooting,shooting,noinjury
2025-11-17,"Border Patrol agents pointed an assault rifle through a smashed car window before detaining a woman in Charlotte, North Carolina.","Charlotte, North Carolina",Charlotte,North Carolina,"35.224777435422304, -80.81111944799534",35.224777435422304,-80.81111944799534,Brandishing by immigration agent,https://www.wbtv.com/2025/11/18/video-border-patrol-appears-point-gun-through-smashed-car-window-before-detaining-woman-charlotte/,0,0,brandishing,NA,brandishing,brandishing,noinjury
2025-11-20,"Kerly Sosa Rivero, 16, was held at gunpoint by ICE agents during an early morning raid of her Detroit home. She was arrested and transferred to a Texas detention facility. Rivero was formally seeking asylum in the United States.","Detroit, Michigan",Detroit,Michigan,"42.40, -82.98",42.4,-82.98,Brandishing by immigration agent,https://outliermedia.org/immigration-agents-arrest-detroit-teen-gunpoint/,0,0,brandishing,NA,brandishing,brandishing,noinjury
2025-12-03,"Immigration agents pointed guns at roofers in Kenner, Louisiana, before arresting them.","Kenner, Louisiana",Kenner,Louisiana,"30.01733181656917, -90.26625759491712",30.01733181656917,-90.26625759491712,Brandishing by immigration agent,https://x.com/BTnewsroom/status/1996314118328930781,0,0,brandishing,NA,brandishing,brandishing,noinjury
2025-12-06,"A student was detained on the campus of Augsburg University, a private university in Minneapolis, by agents who refused to provide a warrant. Agents pointed weapons at the crowd of students recording the scene and at staff members, school officials said.","Minneapolis, Minnesota",Minneapolis,Minnesota,"44.96589537995267, -93.23888526241089",44.96589537995267,-93.23888526241089,Brandishing by immigration agent,https://www.startribune.com/augsburg-president-decries-illegal-ice-detention-of-a-student-on-private-campus/601540404 https://x.com/thejfreakinc/status/1998114587548205228,0,0,brandishing,NA,brandishing,brandishing,noinjury
2025-12-06,"More than a dozen ICE agents forced their way inside a home in Burnsville, Minnesota, and detained several residents after making them hand over their phones and holding them at gunpoint, home surveillance video shows.","Burnsville, Minnesota",Burnsville,Minnesota,"44.76812862999223, -93.28123042273242",44.76812862999223,-93.28123042273242,Brandishing by immigration agent,https://www.fox9.com/news/home-surveillance-video-shows-apparent-ice-raid-burnsville-dec-2025 https://x.com/thejfreakinc/status/1998114587548205228,0,0,brandishing,NA,brandishing,brandishing,noinjury
2025-12-07,"ICE agents held a married couple in their 60s at gunpoint in Richfield, Minnesota. The pair had been following the agents at a distance in their car. After the agents turned into a parking lot, they used their vehicles to box the couple in, then jumped out and pointed weapons at them, according to a class-action lawsuit.","Richfield, Minnesota",Richfield,Minnesota,"44.86455152688176, -93.27055782673779",44.86455152688176,-93.27055782673779,Brandishing by immigration agent,https://www.nytimes.com/2026/01/18/us/minneapolis-federal-agents-misconduct-protesters.html  https://www.aclu-mn.org/app/uploads/2025/12/Tincher-v.-Noem-File-Stamped-Complaint.pdf,0,0,brandishing,NA,brandishing,brandishing,noinjury
2025-12-11,"A Border Patrol agent fatally shot Isaias Sanchez Barboza, 31, a Mexican national who federal authorities said was fleeing capture during an enforcement action near the U.S.-Mexico border in Rio Grande City, Texas.","Rio Grande City, Texas",Rio Grande City,Texas,"26.37989900840089, -98.82036781370824",26.37989900840089,-98.82036781370824,Shooting by immigration agent,https://hoodline.com/2025/12/border-patrol-agent-involved-in-fatal-shooting-of-mexican-national-near-rio-grande-city/ https://www.cbp.gov/newsroom/national-media-release/summary-incident-border-patrol-agent-defends-himself-deadly,1,0,fatal,NA,fatal,shooting,fatal
2025-12-16,An off-duty CBP agent fired his gun several times during a confrontation with another motorist on an access road to John F. Kennedy Airport in New York City. The agent told authorities that he pulled his weapon after the other driver attacked him over a fender bender. No one was injured.,"Queens, New York",Queens,New York,"40.659948351195496, -73.80309230092058",40.659948351195496,-73.80309230092058,Shooting by immigration agent,https://www.wral.com/news/ap/fdd11-off-duty-customs-and-border-protection-officer-fires-gun-in-dispute-with-driver-at-jfk-airport/,0,0,shooting,TRUE,shooting,shooting,noinjury
2025-12-21,"An ICE agent fired shots at an SUV in St. Paul, Minnesota, claiming the driver had hit multiple agents with his car while evading a traffic stop. The motorist, an undocumented Cuban national, was not injured. He was later charged with assaulting a federal officer.","St. Paul, Minnesota",St. Paul,Minnesota,"44.98039786268857, -93.08585133996259",44.98039786268857,-93.08585133996259,Shooting by immigration agent,https://apnews.com/article/ice-agents-struck-car-minnesota-50873a557ea53fc07af5b60132bbd43a  https://www.cnn.com/2025/12/22/us/ice-agents-open-fire-st-paul-minnesota  https://www.justice.gov/usao-mn/pr/cuban-national-charged-assaulting-federal-officers-dangerous-weapon,0,0,shooting,NA,shooting,shooting,noinjury
2025-12-24,"ICE agents shot at a van during an immigration enforcement traffic stop in Glen Burnie, Maryland, striking and wounding the driver. An ICE spokesperson said Tiago Alexandre Sousa-Martins, a Portuguese national, rammed into several ICE cars when asked to turn his car off.","Glen Burnie, Maryland",Glen Burnie,Maryland,"39.14161406592948, -76.64538577318845",39.14161406592948,-76.64538577318845,Shooting by immigration agent,https://www.dcnewsnow.com/news/local-news/maryland/anne-arundel-county/one-shot-by-ice-agents-in-glen-burnie-police-say/ https://www.gunviolencearchive.org/incident/3382436,0,1,injured,NA,injured,shooting,injured
2025-12-31,"An off-duty ICE agent fatally shot Keith Porter Jr., 43, who witnesses say was firing a rifle into the air to celebrate New Yearâs in the Northridge neighborhood of Los Angeles. The Department of Homeland Security claimed the agent âbravely responded to an active shooter situation.â Civil rights leaders called for an investigation.","Los Angeles, California",Los Angeles,California,"34.22223359665904, -118.50718212997167",34.22223359665904,-118.50718212997167,Shooting by immigration agent,"https://www.dailynews.com/2026/01/04/probe-sought-after-man-killed-by-off-duty-ice-agent-in-northridge-on-new-years-eve/ https://abc7.com/post/keith-porter-death-community-demands-accountability-vigil-father-2-killed-off-duty-ice-agent-northridge/18353797/
https://www.latimes.com/california/story/2026-01-08/ice-agent-keith-porter-killing-investigation https://www.gunviolencearchive.org/incident/3387241",1,0,fatal,TRUE,fatal,shooting,fatal
2026-01-07,"Immigration agents in Minneapolis shot and killed Renee Nicole Good, 37, claiming she rammed her car into them. Video showed her backing up and driving away from the agents before they fired. Local officials rejected Homeland Security Secretary Kristi Noemâs assertion that the agents fired in self-defense. âThe presence of federal immigration enforcement agents is causing chaos in our city,â Minneapolis Mayor Jacob Frey subsequently posted on X.","Minneapolis, Minnesota",Minneapolis,Minnesota,"44.943452794291495, -93.26765788446124",44.943452794291495,-93.26765788446124,Shooting by immigration agent,https://minnesotareformer.com/2026/01/07/ice-officer-fatally-shoots-driver-through-car-window-in-minneapolis/ https://www.kare11.com/article/news/local/homeland-security-deploys-ice-agents-to-minnesota-in-largest-dhs-operation-ever/89-b9a97a9b-bf73-4763-9fc4-555c8b7d5451 https://x.com/maxnesterak/status/2008961959731859757 https://x.com/Acyn/status/2008966132095754639 https://x.com/MayorFrey/status/2008945355925364762 https://www.gunviolencearchive.org/incident/3390587,1,0,fatal,NA,fatal,shooting,fatal
2026-01-07,A Minneapolis pastor said ICE agents waved a gun in his face after he joined a protest outside his church. When he noticed agents surrounding a woman of color he told them to arrest him instead. He was detained for an hour.,"Minneapolis, Minnesota",Minneapolis,Minnesota,"44.94656763499137, -93.26559589789338",44.94656763499137,-93.26559589789338,Brandishing by immigration agent,https://people.com/minneapolis-pastor-says-ice-detained-him-after-joining-protest-told-he-wouldnt-be-any-fun-because-youre-white-11884703,0,0,brandishing,NA,brandishing,brandishing,noinjury
2026-01-08,"CBP agents shot a man and a woman in a medical clinic parking lot in Portland, Oregon. Luis David Nino Moncada and Yorlenys Betzabeth Zambrano-Contreras were in a truck that had been boxed in by agents trying to make a traffic stop. The Department of Homeland Security claimed the victims were undocumented and associated with the Venezuelan organized crime syndicate Tren de Aragua.","Portland, Oregon",Portland,Oregon,"45.51477842371516, -122.55821168658541",45.51477842371516,-122.55821168658541,Shooting by immigration agent,"https://www.oregonlive.com/crime/2026/01/portland-police-responding-to-report-of-shooting-by-federal-immigration-agent.html  https://x.com/DHSgov/status/2009638506339926497 
https://www.nytimes.com/2026/01/08/us/politics/federal-agents-shooting-portland.html",0,2,injured,NA,injured,shooting,injured
2026-01-08,"ICE agents fired pepper balls at protesters outside the Bishop Henry Whipple Federal Building in Minneapolis. One agent aimed a long gun at someone filming the scene, and another agent pointed a handgun at a protester.","Minneapolis, Minnesota",Minneapolis,Minnesota,"44.89430905265148, -93.19484949187112",44.89430905265148,-93.19484949187112,"Less-lethal munitions, Brandishing by immigration agent",https://x.com/LongTimeHistory/status/2009428985902490007?t=39 https://www.gunviolencearchive.org/incident/3391621,0,0,"lesslethal, brandishing",NA,"lesslethal, brandishing",brandishing,noinjury
2026-01-09,"A protester was permanently blinded in his left eye after a Homeland Security officer fired a less-lethal round at close range during a confrontation outside the federal building in Santa Ana, California. âI had shards of metal, glass, and plastic behind my eye and in my skull. They said it was a miracle I survived,â the protester said. A Homeland Security official said members of the crowd had been throwing rocks, bottles, and fireworks at officers.","Santa Ana, California",Santa Ana,California,"33.74844982442555, -117.87176412886407",33.74844982442555,-117.87176412886407,Less-lethal munitions,https://www.pasadenastarnews.com/2026/01/13/protester-blinded-after-getting-shot-by-homeland-security-officer-in-santa-ana-he-says/ https://ktla.com/news/local-news/anti-ice-demonstrator-blinded-by-federal-agent-in-santa-ana-protest-speaks-out/ https://x.com/factpostnews/status/2011882145942266043 https://www.gunviolencearchive.org/incident/3394789,0,1,lesslethal,NA,lesslethal,lesslethal,injured
2026-01-11,ICE agents fired pepper balls at protesters and journalists during a demonstration outside the Bishop Henry Whipple Federal Building in Minneapolis. A cameraman was hit in the leg with a flash bang grenade.,"Minneapolis, Minnesota",Minneapolis,Minnesota,"44.89430905265148, -93.19484949187112",44.89430905265148,-93.19484949187112,Less-lethal munitions,https://apnews.com/article/ice-protests-shootings-minneapolis-portland-3f9db36657dda5bfebf9c240b6011ee5 https://www.youtube.com/watch?v=rXX5wlVZrV0 https://www.minnpost.com/public-safety/2026/01/attorney-federal-agents-had-no-proper-warrant-to-arrest-minneapolis-man-who-fled-to-u-s-from-liberia-as-a-child-ice-garrison-gibson/ https://thegrio.com/2026/01/15/the-arrest-of-garrison-gibson-a-liberian-man-arrested-in-minneapolis-may-have-been-a-blatant-violation/ https://x.com/StatusCoup/status/2010519871512076520,0,1,lesslethal,NA,lesslethal,lesslethal,injured
2026-01-11,Federal agents rammed the door of a Minneapolis home and pushed their way inside at gunpoint while searching for a Liberian national with a removal order. His 9-year-old child was home at the time. The agents did not have a warrant to enter the home.,"Minneapolis, Minnesota",Minneapolis,Minnesota,"45.04534803822545, -93.3121248288631",45.04534803822545,-93.3121248288631,Brandishing by immigration agent,https://apnews.com/article/ice-protests-shootings-minneapolis-portland-3f9db36657dda5bfebf9c240b6011ee5  https://www.youtube.com/watch?v=rXX5wlVZrV0  https://www.minnpost.com/public-safety/2026/01/attorney-federal-agents-had-no-proper-warrant-to-arrest-minneapolis-man-who-fled-to-u-s-from-liberia-as-a-child-ice-garrison-gibson/  https://thegrio.com/2026/01/15/the-arrest-of-garrison-gibson-a-liberian-man-arrested-in-minneapolis-may-have-been-a-blatant-violation/  https://x.com/LongTimeHistory/status/2010495323345412419,0,0,brandishing,NA,brandishing,brandishing,noinjury
2026-01-14,"An ICE officer shot and wounded a man during an immigration enforcement operation in north Minneapolis. Julio Cesar Sosa-Celis, a Venezuelan national, reportedly fled a traffic stop, and when federal agents caught up with him, two people emerged from a nearby apartment and attacked the officer with a shovel, federal authorities said. The Department of Homeland Security claims the officer fired in self-defense, hitting Sosa-Celis in the leg.","Minneapolis, Minnesota",Minneapolis,Minnesota,"45.00494600062613, -93.28797385803516",45.00494600062613,-93.28797385803516,Shooting by immigration agent,https://www.kare11.com/article/news/local/ice-in-minnesota/reports-shooting-involving-federal-law-enforcement-in-north-minneapolis/89-f0dc3033-f01c-4870-961a-369dc16bde21 https://www.cbsnews.com/minnesota/live-updates/minnesota-ice-shooting-protests-trump-insurrection-act/ https://minnesotareformer.com/2026/01/16/videos-add-new-detail-to-2nd-minneapolis-ice-shooting-in-a-week/ https://www.gunviolencearchive.org/incident/3395669,0,1,injured,NA,injured,shooting,injured
2026-01-18,"ICE agents with guns drawn detained a 57-year-old Hmong man in his St. Paul, Minnesota, home and then marched him outside half-dressed in below-zero wind chill. His 5-year-old grandson was napping on the sofa and âwoke up crying in fear.â The man was driven around, questioned, fingerprinted, and eventually released because he is a U.S. citizen with no criminal history.","St. Paul, Minnesota",St. Paul,Minnesota,"44.953436527788554, -93.08613792653954",44.953436527788554,-93.08613792653954,Brandishing by immigration agent,https://www.union-bulletin.com/news/national/hmong-elder-a-us-citizen-forced-from-his-minnesota-home-at-gunpoint-according-to-family/article_d9757158-f285-58fc-a1c5-27815c1903a7.html  https://x.com/idreesali114/status/2013043888487792959 https://www.theguardian.com/us-news/2026/jan/20/citizen-ice-minnesota-thao,0,0,brandishing,NA,brandishing,brandishing,noinjury
2026-01-21,"A federal agent fired his weapon during an immigration enforcement operation in Willowbrook, an unincorporated community in Los Angeles, California. No one was injured. The Department of Homeland Security said its agents were investigating a human smuggling operation when a suspect rammed their vehicle.","Los Angeles, California",Los Angeles,California,"33.91918586517204, -118.31977050656573",33.91918586517204,-118.31977050656573,Shooting by immigration agent,https://www.nytimes.com/2026/01/21/us/los-angeles-shooting-ice.html https://www.gunviolencearchive.org/incident/3400366,0,0,shooting,NA,shooting,shooting,noinjury
2026-01-24,"Matthew James Obadiah Allen, a Minneapolis rapper who goes by Nur-D, was shot with rubber bullets and pepper balls while protesting the killing of Alex Pretti by Border Patrol agents.","Minneapolis, Minnesota",Minneapolis,Minnesota,"44.95555017745646, -93.27793288978923",44.95555017745646,-93.27793288978923,Less-lethal munitions,https://x.com/arikcannon/status/2015140963371389044,0,1,lesslethal,NA,lesslethal,lesslethal,injured
2026-01-24,"Alex Pretti, 37, was shot and killed while filming Border Patrol agents outside a donut shop in Minneapolis. Department of Homeland Security officials said he was armed and that a gun was recovered at the scene. Minneapolis Police Chief Brian O'Hara said the victim was a lawful gun owner with a permit to carry.","Minneapolis, Minnesota",Minneapolis,Minnesota,"44.955322262232805, -93.2776238431721",44.955322262232805,-93.2776238431721,Shooting by immigration agent,https://www.cnn.com/us/live-news/ice-minneapolis-shooting-01-24-26 https://www.threads.com/@annamauls/post/DT5eGMaDecm https://www.gunviolencearchive.org/incident/3400839,1,0,fatal,NA,fatal,shooting,fatal
2026-01-27,"Someone was shot and critically wounded in an incident involving Border Patrol agents in Pima County, Arizona.","Pima County, Arizona",Pima County,Arizona,"31.667907074884603, -111.25421536750224",31.667907074884603,-111.25421536750224,Shooting by immigration agent,https://www.kvoa.com/news/top-stories/critical-shooting-on-arivaca-rd-victim-airlifted-investigation-ongoing/article_7dfda4f8-64b5-4156-8ec6-d815d7b796ee.html https://www.gunviolencearchive.org/incident/3401833,0,1,injured,NA,injured,shooting,injured
